time (source1),c1,time (source1),x2,time (source1),y2,time (source1),z2,time (source1),p2,time (source1),r2,time (source1),c2,time (source1),x3,time (source1),y3,time (source1),z3,time (source1),p3,time (source1),r3,time (source1),c3,time (source1),x4,time (source1),y4,time (source1),z4,time (source1),p4,time (source1),r4,time (source1),c4,time (source1),x5,time (source1),y5,time (source1),z5,time (source1),p5,time (source1),r5,time (source1),c5,time (source1),x6,time (source1),y6,time (source1),z6,time (source1),p6,time (source1),r6,time (source1),c6,time (source1),x7,time (source1),y7,time (source1),z7,time (source1),p7,time (source1),r7,time (source1),c7,time (source1),x8,time (source1),y8,time (source1),z8,time (source1),p8,time (source1),r8,time (source1),c8,time (source1),x1,time (source1),y1,time (source1),z1,time (source1),p1,time (source1),r1,Adjusted time,Movements
33.629,0,33.618,0,34.372,0,33.606,0,33.602,0,33.603,0,33.603,0,32.89,0,32.879,0,32.87,0,32.868,0,32.865,0,32.853,0,32.864,0,32.876,0,32.882,0,32.872,0,32.88,0,32.861,0,32.851,-52,32.866,1024,32.867,84,32.876,95,32.869,-146,32.858,40,32.85,-408,32.851,908,32.856,-488,32.867,54,32.866,-41,33.605,164,33.616,76,33.611,772,33.61,-668,33.615,48,33.619,5,33.628,185,33.616,80,33.624,944,33.634,400,33.624,113,33.641,168,33.635,352,34.46,0,34.476,0,34.488,0,33.664,0,33.67,0,7.263,Start of pose 1
34.389,0,34.383,0,35.209,0,34.361,0,34.366,0,34.38,0,34.362,0,33.596,0,33.597,0,33.599,0,33.598,0,33.586,0,33.593,0,33.597,0,33.606,0,33.604,0,33.602,0,33.602,0,33.595,0,33.592,-36,33.599,1024,33.6,84,33.6,96,33.606,-156,33.594,33,33.593,-388,33.603,876,33.603,-480,33.59,54,33.61,-38,34.43,168,34.43,20,34.444,708,34.438,-704,34.432,45,34.432,0,34.434,184,34.443,80,34.446,944,34.44,416,34.444,114,34.457,167,34.464,356,35.234,0,35.245,0,35.249,0,34.472,0,34.486,0,8.092,
35.22,0,35.215,0,36.003,0,35.211,0,35.207,0,35.212,0,35.213,0,34.361,0,34.369,0,34.375,0,34.368,0,34.362,0,34.362,0,34.378,0,34.391,0,34.402,0,34.406,0,34.409,0,34.397,0,34.406,-44,34.418,1028,34.425,112,34.425,96,34.419,-161,34.423,29,34.418,-352,34.422,844,34.416,-520,34.42,54,34.429,-33,35.213,177,35.216,-60,35.216,716,35.226,-756,35.219,47,35.22,-4,35.225,178,35.219,96,35.214,944,35.218,432,35.222,115,35.229,167,35.236,358,36.101,0,36.119,0,36.128,0,35.254,0,35.259,0,8.864,
35.983,0,35.991,0,36.879,0,36.004,0,35.988,0,35.997,0,35.994,0,35.213,0,35.209,0,35.197,0,35.199,0,35.186,0,35.192,0,35.193,0,35.199,0,35.206,0,35.205,0,35.205,0,35.193,0,35.207,-32,35.211,1020,35.22,128,35.22,97,35.213,-157,35.217,34,35.205,-264,35.207,832,35.213,-564,35.2,53,35.212,-24,36.075,176,36.058,-152,36.073,720,36.069,-732,36.057,43,36.072,-10,36.076,174,36.079,96,36.074,912,36.067,464,36.067,116,36.085,170,36.098,359,37.019,0,37.026,0,37.032,0,36.123,0,36.132,0,9.726,
36.875,0,36.885,0,37.788,0,36.885,0,36.886,0,36.886,0,36.886,0,35.981,0,35.988,0,35.989,0,35.99,0,35.985,0,35.991,0,35.999,0,36,0,36.012,0,36.016,0,36.018,0,36.016,0,36.023,-40,36.029,1008,36.025,156,36.02,99,36.033,-165,36.025,26,36.025,-240,36.049,852,36.038,-556,36.029,56,36.044,-24,36.967,178,36.986,-208,36.99,804,36.98,-644,36.977,48,36.972,-20,36.998,166,36.981,96,36.986,928,36.987,480,36.988,118,36.994,168,37.006,1,37.88,0,37.886,0,37.89,0,37.04,0,37.045,0,10.634,
37.782,0,37.788,0,38.616,0,37.796,0,37.797,0,37.801,0,37.79,0,36.885,0,36.885,0,36.881,0,36.88,0,36.882,0,36.882,0,36.89,0,36.902,0,36.903,0,36.907,0,36.919,0,36.913,0,36.915,-60,36.921,984,36.928,204,36.939,102,36.936,-168,36.939,26,36.959,-188,36.942,960,36.947,-424,36.967,62,36.966,-21,37.837,194,37.837,-360,37.85,820,37.852,-504,37.851,53,37.854,-34,37.856,157,37.856,96,37.858,928,37.851,480,37.854,118,37.859,170,37.874,358,38.541,0,38.552,0,38.545,0,37.893,0,37.893,0,11.502,
38.624,0,38.617,0,39.28,0,38.611,0,38.612,0,38.641,0,38.641,0,37.789,0,37.786,0,37.788,0,37.792,0,37.782,0,37.783,0,37.789,0,37.795,0,37.795,0,37.801,0,37.807,0,37.801,0,37.807,-28,37.819,996,37.832,196,37.833,101,37.833,-168,37.834,22,37.824,-4,37.818,1004,37.829,-324,37.83,74,37.842,-7,38.577,194,38.563,-348,38.559,848,38.562,-504,38.568,53,38.56,-37,38.555,154,38.551,96,38.537,928,38.526,480,38.522,117,38.522,168,38.534,2,39.278,0,39.278,0,39.283,0,38.539,0,38.543,0,12.162,
39.267,0,39.267,0,40.007,0,39.279,0,39.267,0,39.259,0,39.237,0,38.623,0,38.61,0,38.594,0,38.579,0,38.561,0,38.561,0,38.569,0,38.575,0,38.582,0,38.587,0,38.581,0,38.575,0,38.577,-24,38.577,1008,38.584,200,38.578,101,38.571,-175,38.565,18,38.561,12,38.556,1004,38.564,-248,38.551,76,38.557,6,39.228,197,39.224,-348,39.237,872,39.23,-468,39.229,56,39.224,-37,39.227,153,39.239,80,39.238,928,39.233,496,39.247,118,39.247,169,39.26,3,40.057,0,40.086,0,40.091,0,39.271,0,39.27,0,12.888,
40.007,0,40.014,0,40.788,0,40.008,0,39.997,0,40.005,0,39.999,0,39.239,0,39.233,0,39.236,0,39.237,0,39.233,0,39.236,0,39.231,0,39.24,0,39.232,0,39.236,0,39.237,0,39.223,0,39.23,-28,39.229,988,39.232,208,39.236,101,39.229,-176,39.225,15,39.227,20,39.229,1040,39.236,-204,39.223,80,39.223,3,40.011,201,40.012,-352,40.018,828,40.026,-424,40.022,57,40.016,-40,40.027,153,40.035,96,40.022,912,40.022,496,40.039,119,40.034,171,40.039,2,40.933,0,40.96,0,40.955,0,40.075,0,40.068,0,13.667,Start of pose 2
40.787,0,40.8,0,41.709,0,40.792,0,40.793,0,40.794,0,40.789,0,39.999,0,39.999,0,40.001,0,40,0,39.988,0,39.982,0,39.995,0,40.01,0,40.02,0,40.007,0,40.014,0,39.996,0,39.999,-28,40.011,1016,40.019,208,40.02,101,40.013,-173,40.008,18,39.999,16,39.998,1044,40.005,-156,39.995,80,40.004,7,40.875,197,40.869,-352,40.886,876,40.888,-428,40.879,56,40.887,-38,40.905,152,40.895,80,40.887,896,40.89,512,40.912,120,40.907,169,40.931,8,41.79,0,41.81,0,41.82,0,40.958,0,40.974,0,14.559,
41.709,0,41.709,0,42.554,0,41.71,0,41.705,0,41.718,0,41.718,0,40.789,0,40.795,0,40.798,0,40.791,0,40.786,0,40.787,0,40.8,0,40.806,0,40.818,0,40.815,0,40.815,0,40.823,0,40.823,-28,40.829,1004,40.836,184,40.837,100,40.844,-172,40.844,21,40.839,16,40.848,1052,40.847,-180,40.845,80,40.864,4,41.762,197,41.768,-348,41.776,856,41.775,-424,41.77,56,41.772,-41,41.765,154,41.765,96,41.773,864,41.761,512,41.75,120,41.764,169,41.777,9,42.616,0,42.617,0,42.622,0,41.817,0,41.822,0,15.405,
42.554,0,42.554,0,43.341,0,42.556,0,42.545,0,42.547,0,42.541,0,41.718,0,41.719,0,41.721,0,41.726,0,41.714,0,41.714,0,41.723,0,41.736,0,41.747,0,41.754,0,41.753,0,41.743,0,41.746,-20,41.762,1004,41.763,208,41.763,101,41.763,-171,41.759,18,41.749,8,41.749,1048,41.75,-176,41.749,80,41.761,6,42.581,196,42.58,-352,42.591,844,42.593,-440,42.608,56,42.598,-39,42.596,154,42.586,80,42.582,896,42.59,496,42.583,119,42.598,169,42.616,4,43.351,0,43.357,0,43.35,0,42.618,0,42.622,0,16.244,
43.352,0,43.348,0,44.098,0,43.347,0,43.348,0,43.349,0,43.339,0,42.534,0,42.53,0,42.53,0,42.529,0,42.525,0,42.531,0,42.538,0,42.551,0,42.557,0,42.556,0,42.557,0,42.544,0,42.551,-28,42.558,1004,42.566,200,42.569,100,42.573,-169,42.575,17,42.564,8,42.559,1060,42.567,-152,42.563,81,42.574,2,43.353,184,43.348,-324,43.354,808,43.351,-472,43.344,57,43.339,-29,43.346,161,43.346,80,43.34,928,43.34,528,43.33,121,43.341,169,43.347,5,44.091,0,44.097,0,44.104,0,43.353,0,43.358,0,16.975,
44.099,0,44.111,0,44.85,0,44.101,0,44.087,0,44.097,0,44.077,0,43.332,0,43.334,0,43.336,0,43.335,0,43.324,0,43.319,0,43.315,0,43.321,0,43.326,0,43.331,0,43.338,0,43.325,0,43.333,-36,43.345,1008,43.348,192,43.352,101,43.358,-171,43.352,19,43.342,-16,43.342,1004,43.338,-224,43.339,79,43.35,-8,44.076,186,44.064,-200,44.077,804,44.08,-560,44.074,54,44.08,-16,44.088,171,44.083,80,44.075,912,44.069,512,44.064,121,44.071,169,44.084,5,44.811,0,44.825,0,44.823,0,44.117,0,44.122,0,17.712,End of pose 2
44.853,0,44.855,0,45.558,0,44.837,0,44.844,0,44.845,0,44.834,0,44.079,0,44.071,0,44.075,0,44.079,0,44.063,0,44.068,0,44.058,0,44.073,0,44.078,0,44.089,0,44.09,0,44.077,0,44.079,-12,44.078,1020,44.08,200,44.08,101,44.083,-176,44.077,12,44.073,-96,44.061,1052,44.069,-276,44.056,72,44.069,-18,44.804,179,44.799,-176,44.799,808,44.8,-648,44.799,48,44.8,-15,44.802,172,44.79,80,44.792,912,44.794,496,44.786,118,44.792,169,44.803,9,45.558,0,45.558,0,45.571,0,44.83,0,44.829,0,18.431,
45.566,0,45.565,0,46.318,0,45.559,0,45.548,0,45.554,0,45.548,0,44.822,0,44.81,0,44.807,0,44.799,0,44.789,0,44.789,0,44.79,0,44.802,0,44.807,0,44.813,0,44.819,0,44.801,0,44.801,-44,44.812,1004,44.815,184,44.815,100,44.809,-170,44.799,15,44.793,-96,44.793,976,44.794,-452,44.794,66,44.802,-16,45.512,174,45.512,-100,45.527,660,45.523,-736,45.516,41,45.524,-7,45.532,179,45.526,96,45.519,928,45.514,448,45.515,115,45.527,169,45.539,2,46.454,0,46.468,0,46.472,0,45.575,0,45.58,0,19.167,
46.312,0,46.311,0,47.222,0,46.322,0,46.324,0,46.329,0,46.325,0,45.541,0,45.536,0,45.531,0,45.53,0,45.524,0,45.518,0,45.527,0,45.527,0,45.527,0,45.526,0,45.527,0,45.508,0,45.503,-48,45.508,1020,45.507,148,45.496,99,45.494,-166,45.501,34,45.49,-288,45.491,932,45.492,-452,45.493,58,45.504,-24,46.418,164,46.416,24,46.428,656,46.429,-776,46.428,38,46.426,0,46.432,182,46.426,64,46.427,944,46.428,384,46.428,113,46.434,168,46.441,359,47.214,0,47.214,0,47.213,0,46.473,0,46.473,0,20.069,
47.21,0,47.222,0,47.936,0,47.223,0,47.213,0,47.213,0,47.202,0,46.333,0,46.327,0,46.329,0,46.335,0,46.333,0,46.338,0,46.345,0,46.351,0,46.362,0,46.362,0,46.369,0,46.362,0,46.37,-56,46.385,1012,46.386,72,46.392,94,46.399,-142,46.399,50,46.397,-384,46.385,840,46.391,-508,46.391,52,46.409,-38,47.221,162,47.216,128,47.222,692,47.213,-752,47.2,43,47.207,7,47.205,189,47.198,96,47.197,960,47.185,368,47.188,111,47.196,160,47.202,339,47.922,0,47.924,0,47.922,0,47.214,0,47.214,0,20.83,
47.933,0,47.933,0,48.659,0,47.929,0,47.924,0,47.917,0,47.913,0,47.195,0,47.195,0,47.196,0,47.19,0,47.187,0,47.183,0,47.183,0,47.201,0,47.201,0,47.204,0,47.206,0,47.2,0,47.194,-24,47.194,1004,47.207,32,47.21,91,47.215,-135,47.21,50,47.204,-392,47.2,852,47.2,-540,47.201,51,47.214,-35,47.919,162,47.915,112,47.922,568,47.918,-776,47.917,37,47.911,10,47.919,187,47.92,80,47.913,1024,47.907,144,47.902,100,47.908,142,47.915,335,48.648,0,48.657,0,48.648,0,47.923,0,47.922,0,21.543,
48.652,0,48.66,0,49.387,0,48.66,0,48.661,0,48.668,0,48.658,0,47.908,0,47.902,0,47.905,0,47.901,0,47.888,0,47.888,0,47.896,0,47.908,0,47.919,0,47.918,0,47.918,0,47.911,0,47.92,-104,47.927,1032,47.934,-24,47.928,84,47.933,-66,47.927,129,47.91,-480,47.911,744,47.906,-568,47.905,44,47.911,-38,48.623,180,48.625,256,48.637,-8,48.633,-928,48.626,-5,48.627,18,48.639,198,48.639,112,48.626,928,48.62,-320,48.621,74,48.628,18,48.634,205,49.393,0,49.405,0,49.397,0,48.65,0,48.65,0,22.262,
49.386,0,49.392,0,50.136,0,49.389,0,49.378,0,49.384,0,49.378,0,48.647,0,48.643,0,48.641,0,48.634,0,48.618,0,48.612,0,48.615,0,48.615,0,48.615,0,48.619,0,48.631,0,48.624,0,48.625,-76,48.631,888,48.639,-508,48.635,59,48.646,-8,48.642,181,48.637,-400,48.625,228,48.627,-792,48.62,13,48.62,-26,49.358,183,49.359,396,49.377,-752,49.364,-692,49.372,-45,49.359,32,49.366,189,49.354,80,49.365,640,49.363,-752,49.352,38,49.376,6,49.38,195,50.046,0,50.046,0,50.04,0,49.405,0,49.411,0,23.008,
50.141,0,50.141,0,50.755,0,50.144,0,50.13,0,50.143,0,50.132,0,49.377,0,49.377,0,49.372,0,49.367,0,49.351,0,49.345,0,49.354,0,49.363,0,49.365,0,49.363,0,49.357,0,49.35,0,49.352,-84,49.352,336,49.359,-1080,49.348,16,49.353,-4,49.353,189,49.346,-364,49.347,-480,49.341,-820,49.344,-39,49.35,-18,50.078,190,50.067,404,50.072,-948,50.071,-264,50.058,-59,50.052,60,50.06,147,50.048,64,50.042,432,50.044,-928,50.033,26,50.045,2,50.046,190,50.641,0,50.66,0,50.653,0,50.031,0,50.047,0,23.674,
50.774,0,50.763,0,51.389,0,50.744,0,50.735,0,50.73,0,50.714,0,50.127,0,50.114,0,50.116,0,50.116,0,50.104,0,50.101,0,50.103,0,50.109,0,50.116,0,50.11,0,50.118,0,50.098,0,50.089,-88,50.104,64,50.099,-1060,50.099,2,50.095,-3,50.093,189,50.078,-232,50.071,-796,50.08,-624,50.062,-55,50.077,-23,50.659,190,50.646,348,50.663,-904,50.646,-64,50.644,-68,50.638,88,50.638,108,50.64,16,50.627,336,50.629,-976,50.618,21,50.625,2,50.642,189,51.449,0,51.462,0,51.455,0,50.647,0,50.648,0,24.27,
51.381,0,51.398,0,52.194,0,51.391,0,51.379,0,51.388,0,51.383,0,50.707,0,50.704,0,50.688,0,50.685,0,50.685,0,50.685,0,50.693,0,50.693,0,50.685,0,50.685,0,50.679,0,50.661,0,50.673,-64,50.678,-192,50.675,-1024,50.68,-2,50.668,-5,50.661,192,50.669,-188,50.653,-908,50.647,-360,50.638,-60,50.669,-30,51.428,207,51.435,152,51.441,-748,51.45,224,51.437,-120,51.432,82,51.435,68,51.445,32,51.436,128,51.431,-1008,51.442,8,51.443,1,51.449,187,52.158,0,52.178,0,52.172,0,51.451,0,51.456,0,25.077,
52.187,0,52.201,0,52.915,0,52.195,0,52.2,0,52.192,0,52.186,0,51.371,0,51.377,0,51.378,0,51.381,0,51.363,0,51.368,0,51.368,0,51.392,0,51.391,0,51.402,0,51.396,0,51.389,0,51.403,-84,51.414,-420,51.415,-1016,51.416,-22,51.417,-5,51.413,189,51.403,-220,51.408,-1016,51.41,-264,51.41,-72,51.422,-43,52.141,216,52.144,236,52.144,-1000,52.15,172,52.132,-106,52.138,120,52.145,78,52.151,32,52.136,112,52.137,-976,52.132,7,52.151,2,52.153,191,52.814,0,52.821,0,52.814,0,52.174,0,52.18,0,25.781,
52.91,0,52.92,0,53.553,0,52.909,0,52.9,0,52.909,0,52.886,0,52.187,0,52.183,0,52.198,0,52.189,0,52.171,0,52.154,0,52.162,0,52.168,0,52.169,0,52.179,0,52.173,0,52.182,0,52.172,-24,52.17,-520,52.161,-904,52.148,-29,52.153,-2,52.139,189,52.122,-168,52.131,-1024,52.125,-168,52.128,-77,52.127,-33,52.826,222,52.835,200,52.837,-992,52.82,184,52.824,-106,52.807,131,52.815,68,52.81,48,52.801,80,52.795,-1008,52.791,3,52.811,1,52.817,189,53.613,0,53.644,0,53.632,0,52.814,0,52.813,0,26.445,Start of pose 3
53.544,0,53.547,0,54.369,0,53.556,0,53.546,0,53.535,0,53.528,0,52.884,0,52.878,0,52.89,0,52.876,0,52.859,0,52.846,0,52.855,0,52.855,0,52.86,0,52.851,0,52.847,0,52.829,0,52.831,-44,52.85,-576,52.848,-900,52.851,-33,52.844,-2,52.84,189,52.839,-124,52.827,-1076,52.828,-116,52.831,-81,52.826,-45,53.556,213,53.552,204,53.576,-992,53.588,200,53.583,-105,53.573,136,53.589,65,53.579,32,53.571,48,53.589,-992,53.583,2,53.589,1,53.607,189,54.315,0,54.317,0,54.316,0,53.627,0,53.631,0,27.235,
54.361,0,54.373,0,55.047,0,54.355,0,54.362,0,54.351,0,54.347,0,53.535,0,53.518,0,53.513,0,53.519,0,53.518,0,53.504,0,53.508,0,53.523,0,53.516,0,53.524,0,53.525,0,53.52,0,53.528,-52,53.539,-568,53.54,-908,53.546,-31,53.554,-3,53.554,188,53.537,-148,53.531,-1076,53.537,-116,53.537,-81,53.548,-59,54.326,215,54.323,216,54.323,-996,54.324,216,54.321,-106,54.309,136,54.319,63,54.302,48,54.304,48,54.31,-992,54.297,2,54.313,2,54.313,188,54.994,0,55.001,0,55.005,0,54.319,0,54.312,0,27.941,
55.048,0,55.042,0,55.745,0,55.039,0,55.05,0,55.048,0,55.044,0,54.339,0,54.342,0,54.349,0,54.336,0,54.314,0,54.316,0,54.313,0,54.318,0,54.323,0,54.323,0,54.335,0,54.316,0,54.317,-40,54.328,-572,54.33,-896,54.328,-33,54.333,-3,54.328,189,54.317,-132,54.312,-1060,54.312,-76,54.305,-81,54.306,-54,55.016,229,55.004,216,55.004,-976,54.998,216,55.002,-106,54.99,136,54.999,67,55.002,48,54.984,64,54.978,-1008,54.974,3,54.975,2,54.974,189,55.748,0,55.758,0,55.757,0,55.004,0,55.008,0,28.602,
55.759,0,55.751,0,56.478,0,55.747,0,55.742,0,55.754,0,55.744,0,55.03,0,55.02,0,55.012,0,55.003,0,55,0,54.988,0,54.996,0,55.009,0,55.002,0,55.006,0,55.007,0,54.995,0,55.008,-52,55.013,-580,55.02,-900,55.008,-33,55.012,-3,55.015,189,54.996,-132,54.984,-1056,54.993,-72,54.997,-82,55.001,-68,55.76,229,55.743,236,55.75,-968,55.766,236,55.753,-106,55.736,133,55.738,62,55.739,32,55.728,64,55.723,-1008,55.725,3,55.74,2,55.747,189,56.456,0,56.458,0,56.464,0,55.762,0,55.752,0,29.375,
56.476,0,56.488,0,57.191,0,56.482,0,56.466,0,56.473,0,56.471,0,55.732,0,55.727,0,55.729,0,55.724,0,55.708,0,55.702,0,55.703,0,55.715,0,55.714,0,55.708,0,55.711,0,55.705,0,55.711,-52,55.71,-584,55.717,-892,55.723,-33,55.727,-3,55.728,188,55.744,-132,55.727,-1052,55.724,-72,55.723,-82,55.728,-51,56.448,221,56.442,220,56.444,-984,56.437,224,56.445,-107,56.434,136,56.441,61,56.447,48,56.436,80,56.434,-1008,56.425,3,56.439,2,56.445,189,57.107,0,57.12,0,57.113,0,56.454,0,56.453,0,30.073,
57.19,0,57.192,0,57.844,0,57.186,0,57.181,0,57.193,0,57.176,0,56.459,0,56.463,0,56.458,0,56.457,0,56.457,0,56.461,0,56.455,0,56.469,0,56.468,0,56.46,0,56.461,0,56.455,0,56.463,-52,56.469,-580,56.464,-888,56.455,-33,56.454,-3,56.448,189,56.438,-136,56.44,-1068,56.44,-80,56.435,-82,56.447,-54,57.139,228,57.126,232,57.132,-996,57.129,248,57.115,-108,57.115,135,57.108,66,57.102,48,57.104,48,57.099,-1008,57.117,2,57.115,2,57.11,188,57.802,0,57.803,0,57.807,0,57.097,0,57.109,0,30.738,
57.85,0,57.844,0,58.548,0,57.835,0,57.831,0,57.84,0,57.828,0,57.177,0,57.166,0,57.161,0,57.161,0,57.143,0,57.138,0,57.145,0,57.157,0,57.156,0,57.154,0,57.162,0,57.151,0,57.151,-48,57.158,-580,57.169,-904,57.167,-32,57.166,-3,57.157,189,57.143,-116,57.139,-1044,57.133,-80,57.12,-83,57.127,-62,57.79,239,57.787,200,57.793,-996,57.787,204,57.791,-107,57.776,137,57.791,58,57.793,16,57.792,32,57.782,-1008,57.772,0,57.784,0,57.789,187,58.508,0,58.51,0,58.511,0,57.803,0,57.807,0,31.417,End of pose 3
58.538,0,58.555,0,59.27,0,58.55,0,58.554,0,58.553,0,58.542,0,57.824,0,57.812,0,57.801,0,57.788,0,57.777,0,57.771,0,57.768,0,57.768,0,57.768,0,57.772,0,57.766,0,57.754,0,57.761,-84,57.766,-548,57.773,-888,57.768,-32,57.773,-4,57.773,188,57.768,-88,57.763,-1040,57.763,-72,57.764,-84,57.774,-48,58.51,244,58.513,260,58.515,-940,58.519,280,58.526,-107,58.514,134,58.511,52,58.51,16,58.509,0,58.512,-1008,58.503,0,58.503,0,58.532,186,59.226,0,59.244,0,59.239,0,58.513,0,58.515,0,32.16,
59.244,0,59.252,0,59.987,0,59.253,0,59.242,0,59.241,0,59.231,0,58.543,0,58.552,0,58.541,0,58.536,0,58.524,0,58.524,0,58.519,0,58.532,0,58.537,0,58.531,0,58.532,0,58.525,0,58.532,-52,58.539,-604,58.54,-876,58.543,-33,58.545,-4,58.533,188,58.531,-128,58.519,-1096,58.508,-24,58.508,-84,58.506,-68,59.219,299,59.225,164,59.232,-964,59.228,372,59.236,-112,59.223,154,59.221,37,59.227,-32,59.22,-80,59.223,-992,59.207,-2,59.219,-1,59.221,185,59.993,0,59.994,0,60.001,0,59.236,0,59.242,0,32.849,
59.983,0,59.995,0,60.721,0,59.982,0,59.989,0,59.989,0,59.979,0,59.218,0,59.222,0,59.217,0,59.223,0,59.219,0,59.212,0,59.219,0,59.225,0,59.243,0,59.23,0,59.229,0,59.218,0,59.219,-52,59.224,-636,59.232,-852,59.223,-36,59.222,-4,59.224,185,59.213,-88,59.213,-1116,59.218,132,59.212,-98,59.219,-142,59.993,244,59.988,32,59.995,-904,59.985,520,59.984,-117,59.978,-178,59.988,15,59.982,-160,59.976,-160,59.977,-960,59.966,-12,59.993,-7,59.988,186,60.606,0,60.609,0,60.61,0,60.001,0,59.999,0,33.616,
60.729,0,60.734,0,61.347,0,60.717,0,60.714,0,60.702,0,60.696,0,59.988,0,59.977,0,59.987,0,59.975,0,59.971,0,59.969,0,59.971,0,59.983,0,59.984,0,59.982,0,59.988,0,59.976,0,59.977,-172,59.989,-620,59.99,-876,59.99,-35,59.991,-17,59.991,194,59.985,-416,59.975,-928,59.984,-48,59.985,-77,59.992,-82,60.609,248,60.603,104,60.616,-904,60.605,252,60.598,-111,60.599,160,60.6,28,60.594,-112,60.594,-192,60.582,-976,60.586,-10,60.587,-4,60.59,186,61.363,0,61.363,0,61.375,0,60.634,0,60.622,0,34.218,
61.361,0,61.355,0,62.087,0,61.361,0,61.352,0,61.345,0,61.349,0,60.683,0,60.679,0,60.688,0,60.675,0,60.652,0,60.642,0,60.648,0,60.653,0,60.646,0,60.651,0,60.651,0,60.638,0,60.649,-136,60.645,-628,60.641,-836,60.636,-35,60.643,-10,60.633,193,60.619,-108,60.62,-948,60.614,72,60.596,-76,60.607,-82,61.359,335,61.346,224,61.359,-904,61.375,508,61.36,-122,61.354,142,61.365,32,61.355,32,61.348,-304,61.356,-960,61.34,-16,61.345,6,61.367,173,62.118,0,62.16,0,62.148,0,61.378,0,61.37,0,34.995,
62.095,0,62.097,0,62.886,0,62.075,0,62.078,0,62.073,0,62.061,0,61.331,0,61.336,0,61.343,0,61.325,0,61.321,0,61.309,0,61.319,0,61.319,0,61.329,0,61.329,0,61.322,0,61.31,0,61.313,4,61.325,-640,61.326,-844,61.332,-37,61.354,-5,61.342,176,61.345,84,61.334,-1008,61.341,188,61.346,-97,61.343,151,62.088,160,62.082,160,62.099,-896,62.104,340,62.104,-110,62.094,167,62.108,9,62.096,96,62.096,-368,62.101,-1072,62.089,-10,62.099,8,62.105,163,63.001,0,63.019,0,63.029,0,62.14,0,62.149,0,35.733,
62.892,0,62.893,0,63.778,0,62.894,0,62.897,0,62.898,0,62.892,0,62.06,0,62.063,0,62.058,0,62.051,0,62.058,0,62.046,0,62.048,0,62.066,0,62.059,0,62.062,0,62.056,0,62.049,0,62.063,28,62.062,-504,62.075,-928,62.076,-28,62.08,2,62.074,173,62.071,-16,62.081,-1060,62.082,-208,62.076,-78,62.098,2,62.946,196,62.945,20,62.958,-1004,62.96,204,62.958,-97,62.965,147,62.971,84,62.965,-160,62.963,-48,62.969,-1008,62.968,-2,62.974,-11,62.996,192,63.814,0,63.821,0,63.826,0,63.023,0,63.044,0,36.624,
63.768,0,63.774,0,64.561,0,63.77,0,63.775,0,63.793,0,63.775,0,62.889,0,62.886,0,62.873,0,62.875,0,62.863,0,62.865,0,62.88,0,62.894,0,62.888,0,62.889,0,62.895,0,62.894,0,62.897,-32,62.909,-608,62.912,-988,62.913,-33,62.919,-12,62.919,191,62.916,-92,62.917,-1152,62.919,-96,62.928,-80,62.934,-26,63.78,213,63.787,56,63.796,-992,63.796,112,63.783,-97,63.772,131,63.778,46,63.778,-96,63.784,128,63.782,-944,63.785,7,63.791,-5,63.803,184,64.623,0,64.625,0,64.617,0,63.815,0,63.813,0,37.431,
64.554,0,64.562,0,65.358,0,64.562,0,64.563,0,64.565,0,64.559,0,63.775,0,63.766,0,63.772,0,63.771,0,63.761,0,63.756,0,63.758,0,63.769,0,63.763,0,63.761,0,63.767,0,63.76,0,63.762,-52,63.773,-400,63.775,-1024,63.774,-20,63.773,-5,63.774,189,63.771,-72,63.773,-1044,63.773,-60,63.773,-85,63.779,-47,64.601,175,64.594,44,64.602,-960,64.602,-92,64.596,-82,64.596,43,64.615,130,64.609,48,64.626,512,64.615,-880,64.603,26,64.606,1,64.621,185,65.279,0,65.292,0,65.298,0,64.618,0,64.618,0,38.249,
65.343,0,65.351,0,66.013,0,65.341,0,65.352,0,65.341,0,65.329,0,64.554,0,64.542,0,64.543,0,64.538,0,64.52,0,64.515,0,64.522,0,64.532,0,64.537,0,64.544,0,64.545,0,64.533,0,64.54,-100,64.552,-204,64.559,-1096,64.56,-9,64.566,-3,64.567,187,64.568,-84,64.578,-1004,64.573,-324,64.573,-74,64.585,-15,65.259,174,65.261,52,65.268,-1004,65.262,-112,65.256,-82,65.256,34,65.263,144,65.264,64,65.256,528,65.25,-864,65.252,30,65.259,5,65.267,182,66.06,0,66.06,0,66.068,0,65.294,0,65.287,0,38.895,
66.019,0,66.02,0,66.807,0,66.013,0,66.008,0,66.015,0,66.006,0,65.328,0,65.316,0,65.318,0,65.315,0,65.295,0,65.295,0,65.296,0,65.296,0,65.296,0,65.295,0,65.295,0,65.289,0,65.292,-76,65.304,-60,65.304,-1080,65.291,-3,65.285,-3,65.281,187,65.27,-36,65.258,-1004,65.265,-376,65.258,-67,65.258,-6,66.006,170,66.005,48,66.011,-1192,66.021,-132,66.016,-81,66.021,16,66.028,152,66.023,80,66.027,544,66.032,-832,66.043,31,66.043,4,66.048,184,66.909,0,66.922,0,66.927,0,66.075,0,66.069,0,39.676,
66.81,0,66.82,0,67.677,0,66.811,0,66.816,0,66.805,0,66.805,0,66.001,0,66.006,0,66.003,0,66.003,0,65.988,0,65.988,0,65.996,0,66.001,0,66.006,0,66.004,0,66.007,0,65.988,0,66.001,-72,66.007,-76,66.01,-1112,66.005,-2,65.998,-3,66.011,185,65.995,-28,65.985,-1064,65.996,-412,65.999,-67,66.002,-7,66.862,171,66.858,36,66.869,-1072,66.863,-112,66.869,-83,66.869,19,66.871,136,66.871,32,66.87,544,66.858,-864,66.865,32,66.877,2,66.89,182,67.795,0,67.802,0,67.801,0,66.928,0,66.939,0,40.518,Start of pose 4
67.677,0,67.678,0,68.548,0,67.679,0,67.676,0,67.682,0,67.682,0,66.816,0,66.822,0,66.809,0,66.818,0,66.818,0,66.808,0,66.809,0,66.823,0,66.828,0,66.826,0,66.839,0,66.829,0,66.836,-52,66.848,-24,66.843,-1100,66.849,-2,66.854,-2,66.851,185,66.84,-52,66.834,-956,66.84,-440,66.839,-68,66.855,-4,67.748,172,67.738,92,67.756,-1024,67.775,-192,67.757,-81,67.756,21,67.757,151,67.758,64,67.757,560,67.769,-848,67.773,32,67.787,5,67.789,184,68.551,0,68.551,0,68.55,0,67.802,0,67.801,0,41.417,
68.532,0,68.549,0,69.287,0,68.551,0,68.549,0,68.555,0,68.544,0,67.683,0,67.684,0,67.687,0,67.681,0,67.681,0,67.683,0,67.69,0,67.702,0,67.707,0,67.719,0,67.721,0,67.708,0,67.711,-64,67.724,-32,67.725,-1080,67.725,0,67.732,-3,67.732,185,67.728,-56,67.723,-904,67.735,-464,67.74,-64,67.752,-7,68.565,170,68.553,40,68.554,-948,68.547,-192,68.552,-82,68.548,19,68.55,152,68.546,80,68.534,544,68.536,-848,68.53,34,68.529,5,68.547,184,69.299,0,69.316,0,69.316,0,68.559,0,68.563,0,42.175,
69.294,0,69.288,0,70.042,0,69.281,0,69.276,0,69.29,0,69.278,0,68.543,0,68.544,0,68.539,0,68.538,0,68.532,0,68.526,0,68.534,0,68.546,0,68.552,0,68.556,0,68.564,0,68.559,0,68.568,-48,68.579,-12,68.586,-1096,68.587,0,68.58,-2,68.581,184,68.571,-24,68.566,-920,68.572,-484,68.56,-63,68.565,-8,69.28,169,69.28,56,69.299,-1020,69.3,-152,69.299,-80,69.294,16,69.297,143,69.29,80,69.291,512,69.284,-848,69.279,32,69.291,5,69.291,184,70.095,0,70.094,0,70.1,0,69.311,0,69.311,0,42.919,
70.035,0,70.035,0,70.832,0,70.038,0,70.039,0,70.051,0,70.04,0,69.273,0,69.267,0,69.262,0,69.261,0,69.244,0,69.241,0,69.242,0,69.254,0,69.26,0,69.252,0,69.247,0,69.234,0,69.244,-16,69.249,-20,69.256,-1068,69.258,-1,69.263,0,69.259,186,69.255,-24,69.262,-948,69.27,-488,69.266,-63,69.279,-4,70.032,173,70.038,80,70.052,-1016,70.046,-204,70.046,-82,70.041,12,70.055,149,70.055,80,70.055,560,70.05,-816,70.057,34,70.073,5,70.087,184,70.731,0,70.734,0,70.742,0,70.102,0,70.095,0,43.715,
70.829,0,70.841,0,71.444,0,70.828,0,70.818,0,70.825,0,70.813,0,70.028,0,70.029,0,70.019,0,70.014,0,70.002,0,70.002,0,70.009,0,70.015,0,70.014,0,70.019,0,70.014,0,70.001,0,70.015,-32,70.023,4,70.025,-1080,70.021,-1,70.02,-2,70.022,184,70.018,-64,70.019,-900,70.021,-492,70.017,-65,70.023,-5,70.781,167,70.764,64,70.765,-1112,70.748,-208,70.735,-78,70.736,14,70.731,152,70.727,48,70.72,464,70.71,-816,70.712,35,70.719,0,70.721,183,71.376,0,71.377,0,71.372,0,70.726,0,70.725,0,44.349,
71.461,0,71.456,0,72.105,0,71.44,0,71.449,0,71.438,0,71.42,0,70.812,0,70.807,0,70.796,0,70.791,0,70.786,0,70.781,0,70.813,0,70.812,0,70.8,0,70.803,0,70.796,0,70.772,0,70.773,-24,70.778,-20,70.775,-1128,70.773,-1,70.773,-2,70.76,183,70.761,-32,70.749,-940,70.746,-472,70.734,-62,70.739,-2,71.37,166,71.372,-68,71.378,-972,71.373,-560,71.373,-58,71.356,1,71.356,161,71.35,160,71.353,912,71.349,-512,71.362,54,71.368,6,71.374,188,72.045,0,72.053,0,72.075,0,71.361,0,71.374,0,45.002,
72.105,0,72.116,0,72.79,0,72.105,0,72.094,0,72.096,0,72.097,0,71.425,0,71.408,0,71.409,0,71.403,0,71.386,0,71.397,0,71.392,0,71.392,0,71.391,0,71.389,0,71.385,0,71.377,0,71.381,-132,71.386,232,71.393,-1004,71.393,12,71.398,-6,71.386,184,71.382,-44,71.376,-832,71.376,-672,71.375,-44,71.375,0,72.08,163,72.069,192,72.064,-480,72.051,-844,72.038,-35,72.038,4,72.04,190,72.028,32,72.033,944,72.027,-320,72.022,65,72.041,8,72.039,198,72.814,0,72.836,0,72.837,0,72.073,0,72.064,0,45.667,End of pose 4
72.788,0,72.79,0,73.591,0,72.795,0,72.793,0,72.792,0,72.786,0,72.099,0,72.092,0,72.081,0,72.075,0,72.072,0,72.062,0,72.057,0,72.081,0,72.073,0,72.103,0,72.092,0,72.083,0,72.077,-104,72.072,716,72.082,-848,72.071,32,72.069,-14,72.083,186,72.064,160,72.076,-420,72.07,-876,72.056,-23,72.072,1,72.784,170,72.778,324,72.792,-100,72.799,-1004,72.781,-5,72.781,14,72.79,195,72.795,96,72.801,864,72.791,-448,72.78,63,72.785,11,72.803,189,73.63,0,73.636,0,73.642,0,72.84,0,72.851,0,46.431,
73.577,0,73.586,0,74.373,0,73.592,0,73.592,0,73.597,0,73.586,0,72.775,0,72.797,0,72.786,0,72.778,0,72.771,0,72.759,0,72.762,0,72.769,0,72.765,0,72.765,0,72.767,0,72.762,0,72.767,-92,72.77,836,72.777,-656,72.772,52,72.777,-5,72.778,182,72.766,-220,72.766,-8,72.766,-1016,72.766,-6,72.773,-8,73.616,171,73.602,332,73.598,64,73.604,-980,73.606,0,73.6,15,73.616,191,73.619,64,73.604,928,73.613,-432,73.61,65,73.616,10,73.63,190,74.338,0,74.35,0,74.365,0,73.637,0,73.642,0,47.258,Start of pose 5
74.379,0,74.373,0,75.104,0,74.362,0,74.368,0,74.375,0,74.357,0,73.589,0,73.592,0,73.602,0,73.602,0,73.584,0,73.585,0,73.58,0,73.597,0,73.59,0,73.59,0,73.59,0,73.583,0,73.594,-84,73.608,876,73.614,-596,73.613,56,73.62,-10,73.612,179,73.603,-260,73.592,88,73.598,-1020,73.597,4,73.598,-13,74.344,176,74.327,316,74.327,72,74.314,-1008,74.321,4,74.31,15,74.305,190,74.316,64,74.298,928,74.298,-432,74.293,64,74.304,8,74.322,187,75.233,0,75.249,0,75.248,0,74.364,0,74.364,0,47.95,
75.1,0,75.113,0,75.983,0,75.104,0,75.105,0,75.111,0,75.105,0,74.351,0,74.355,0,74.344,0,74.351,0,74.328,0,74.329,0,74.324,0,74.324,0,74.324,0,74.328,0,74.331,0,74.318,0,74.32,-92,74.331,868,74.332,-552,74.321,57,74.322,-10,74.324,182,74.312,-252,74.317,120,74.322,-968,74.324,7,74.338,-14,75.2,176,75.21,320,75.221,124,75.207,-988,75.193,4,75.198,17,75.207,195,75.208,80,75.213,928,75.201,-416,75.206,65,75.225,10,75.225,190,76.071,0,76.077,0,76.085,0,75.248,0,75.253,0,48.853,
75.984,0,76.001,0,76.809,0,75.992,0,75.992,0,76.006,0,76.002,0,75.098,0,75.107,0,75.109,0,75.109,0,75.103,0,75.103,0,75.118,0,75.13,0,75.136,0,75.139,0,75.145,0,75.138,0,75.145,-96,75.156,872,75.164,-536,75.16,58,75.166,-8,75.173,179,75.164,-268,75.165,160,75.18,-976,75.187,8,75.198,-14,76.047,174,76.036,300,76.054,128,76.059,-992,76.073,5,76.063,17,76.057,192,76.04,80,76.041,912,76.053,-432,76.042,65,76.052,10,76.059,190,76.828,0,76.835,0,76.828,0,76.082,0,76.075,0,49.687,
76.805,0,76.799,0,77.554,0,76.797,0,76.793,0,76.794,0,76.788,0,75.989,0,75.989,0,75.976,0,75.969,0,75.963,0,75.965,0,75.968,0,75.98,0,75.992,0,75.997,0,76.004,0,75.991,0,75.998,-76,76.016,888,76.024,-544,76.028,58,76.021,-9,76.025,180,76.003,-268,76.012,144,76.018,-976,76.022,9,76.033,-15,76.81,176,76.796,312,76.81,104,76.799,-988,76.809,5,76.809,17,76.802,194,76.808,96,76.795,912,76.8,-432,76.789,64,76.806,10,76.813,190,77.501,0,77.524,0,77.517,0,76.825,0,76.831,0,50.441,
77.555,0,77.562,0,78.249,0,77.549,0,77.549,0,77.551,0,77.538,0,76.793,0,76.8,0,76.797,0,76.79,0,76.784,0,76.78,0,76.782,0,76.79,0,76.798,0,76.802,0,76.803,0,76.791,0,76.792,-84,76.798,884,76.799,-528,76.805,58,76.818,-8,76.821,181,76.804,-276,76.799,152,76.792,-964,76.803,8,76.8,-14,77.515,175,77.519,320,77.514,156,77.516,-976,77.498,4,77.485,17,77.491,190,77.486,80,77.485,928,77.483,-432,77.472,65,77.484,10,77.504,190,78.336,0,78.343,0,78.342,0,77.534,0,77.529,0,51.132,
78.262,0,78.256,0,79.098,0,78.253,0,78.248,0,78.266,0,78.248,0,77.544,0,77.539,0,77.534,0,77.521,0,77.504,0,77.505,0,77.5,0,77.506,0,77.519,0,77.517,0,77.523,0,77.513,0,77.514,-88,77.519,896,77.527,-536,77.527,59,77.527,-8,77.537,180,77.515,-272,77.52,192,77.515,-964,77.503,10,77.517,-14,78.298,176,78.308,332,78.308,116,78.309,-976,78.302,7,78.302,17,78.314,194,78.318,80,78.309,912,78.313,-432,78.301,65,78.318,12,78.334,190,79.093,0,79.108,0,79.101,0,78.349,0,78.354,0,51.962,
79.091,0,79.111,0,79.826,0,79.108,0,79.097,0,79.104,0,79.099,0,78.255,0,78.251,0,78.252,0,78.248,0,78.244,0,78.25,0,78.257,0,78.265,0,78.266,0,78.271,0,78.271,0,78.264,0,78.277,-84,78.283,904,78.291,-544,78.303,58,78.295,-9,78.292,180,78.288,-272,78.286,192,78.294,-964,78.282,10,78.303,-14,79.096,176,79.104,328,79.12,116,79.108,-988,79.09,6,79.081,18,79.086,191,79.075,80,79.078,912,79.074,-432,79.071,64,79.077,8,79.09,190,79.908,0,79.917,0,79.923,0,79.108,0,79.107,0,52.718,
79.833,0,79.832,0,80.668,0,79.822,0,79.825,0,79.831,0,79.827,0,79.099,0,79.1,0,79.102,0,79.102,0,79.091,0,79.091,0,79.092,0,79.098,0,79.098,0,79.097,0,79.11,0,79.097,0,79.104,-92,79.115,888,79.116,-544,79.116,58,79.121,-9,79.121,181,79.104,-284,79.098,200,79.098,-968,79.087,10,79.103,-15,79.9,175,79.888,308,79.897,136,79.891,-984,79.901,6,79.897,17,79.897,192,79.905,80,79.907,912,79.894,-416,79.883,64,79.895,12,79.896,192,80.664,0,80.666,0,80.671,0,79.921,0,79.922,0,53.524,
80.657,0,80.669,0,81.423,0,80.668,0,80.657,0,80.663,0,80.645,0,79.821,0,79.818,0,79.828,0,79.828,0,79.822,0,79.816,0,79.823,0,79.835,0,79.846,0,79.851,0,79.858,0,79.854,0,79.856,-92,79.873,904,79.874,-540,79.874,58,79.875,-10,79.875,178,79.87,-264,79.872,184,79.872,-964,79.871,11,79.878,-16,80.617,177,80.618,300,80.631,140,80.631,-976,80.632,7,80.628,18,80.649,191,80.643,80,80.637,912,80.637,-432,80.638,64,80.651,10,80.663,190,81.463,0,81.47,0,81.469,0,80.675,0,80.681,0,54.291,
81.417,0,81.424,0,82.2,0,81.431,0,81.433,0,81.439,0,81.439,0,80.632,0,80.638,0,80.634,0,80.621,0,80.611,0,80.607,0,80.617,0,80.617,0,80.617,0,80.609,0,80.622,0,80.609,0,80.611,-92,80.617,896,80.615,-536,80.608,58,80.607,-9,80.595,181,80.591,-288,80.597,168,80.598,-984,80.598,11,80.61,-15,81.493,175,81.475,288,81.479,132,81.467,-1000,81.474,7,81.46,16,81.455,194,81.463,80,81.445,928,81.433,-448,81.427,64,81.445,12,81.451,189,82.098,0,82.113,0,82.106,0,81.471,0,81.476,0,55.079,
82.206,0,82.213,0,82.841,0,82.188,0,82.184,0,82.184,0,82.167,0,81.432,0,81.438,0,81.44,0,81.439,0,81.436,0,81.431,0,81.444,0,81.456,0,81.464,0,81.472,0,81.472,0,81.459,0,81.466,-92,81.471,908,81.478,-536,81.49,59,81.478,-11,81.481,180,81.489,-276,81.484,192,81.478,-976,81.483,10,81.483,-17,82.106,174,82.106,288,82.112,-108,82.105,-976,82.104,-5,82.098,16,82.105,195,82.095,48,82.082,928,82.087,-400,82.071,67,82.07,-2,82.082,180,82.925,0,82.925,0,82.932,0,82.111,0,82.114,0,55.71,
82.848,0,82.842,0,83.675,0,82.829,0,82.826,0,82.822,0,82.809,0,82.161,0,82.163,0,82.158,0,82.158,0,82.142,0,82.131,0,82.138,0,82.14,0,82.138,0,82.148,0,82.146,0,82.134,0,82.136,-100,82.135,852,82.136,-620,82.132,53,82.133,-3,82.127,185,82.118,-244,82.107,-8,82.106,-984,82.099,0,82.105,-14,82.86,170,82.86,248,82.873,-524,82.879,-952,82.878,-30,82.88,12,82.888,186,82.906,-48,82.893,736,82.887,-416,82.888,59,82.906,-3,82.918,182,83.79,0,83.797,0,83.803,0,82.934,0,82.94,0,56.546,End of pose 5
83.676,0,83.682,0,84.53,0,83.683,0,83.679,0,83.686,0,83.675,0,82.816,0,82.805,0,82.801,0,82.794,0,82.788,0,82.788,0,82.812,0,82.812,0,82.819,0,82.817,0,82.824,0,82.819,0,82.82,-60,82.837,552,82.84,-812,82.842,39,82.851,-6,82.845,181,82.834,32,82.843,-432,82.847,-912,82.849,-16,82.855,-4,83.751,175,83.756,4,83.768,-692,83.766,-688,83.766,-42,83.76,12,83.767,170,83.767,-16,83.76,720,83.763,-656,83.752,52,83.767,-1,83.778,179,84.535,0,84.541,0,84.54,0,83.799,0,83.804,0,57.406,
84.541,0,84.548,0,85.254,0,84.53,0,84.531,0,84.531,0,84.526,0,83.677,0,83.683,0,83.684,0,83.683,0,83.679,0,83.679,0,83.698,0,83.71,0,83.715,0,83.721,0,83.727,0,83.72,0,83.727,-112,83.734,404,83.742,-928,83.736,25,83.742,-11,83.749,186,83.746,-68,83.746,-628,83.746,-844,83.742,-32,83.748,-3,84.507,173,84.508,16,84.509,-968,84.505,-472,84.51,-60,84.505,9,84.511,164,84.514,-48,84.513,688,84.501,-816,84.508,41,84.514,-2,84.526,179,85.322,0,85.324,0,85.336,0,84.535,0,84.528,0,58.154,
85.254,0,85.254,0,86.058,0,85.242,0,85.243,0,85.255,0,85.25,0,84.52,0,84.521,0,84.517,0,84.516,0,84.511,0,84.512,0,84.514,0,84.516,0,84.515,0,84.513,0,84.514,0,84.49,0,84.49,-64,84.495,128,84.497,-996,84.497,6,84.496,-8,84.491,186,84.481,-200,84.475,-1012,84.476,-564,84.482,-55,84.5,-11,85.32,188,85.305,88,85.306,-1028,85.31,-40,85.299,-86,85.298,171,85.295,139,85.292,-48,85.291,352,85.287,-992,85.282,7,85.29,-8,85.311,179,86.144,0,86.157,0,86.162,0,85.331,0,85.325,0,58.939,
86.057,0,86.065,0,86.914,0,86.065,0,86.061,0,86.069,0,86.058,0,85.242,0,85.244,0,85.24,0,85.239,0,85.235,0,85.235,0,85.241,0,85.254,0,85.26,0,85.259,0,85.272,0,85.265,0,85.266,-132,85.277,-144,85.278,-1028,85.278,-4,85.289,-6,85.289,186,85.284,-68,85.281,-1084,85.288,-164,85.288,-79,85.3,-74,86.103,339,86.099,64,86.115,-880,86.118,440,86.121,-117,86.116,159,86.122,24,86.116,-48,86.115,-320,86.127,-912,86.134,-19,86.146,0,86.144,180,87.026,0,87.046,0,87.052,0,86.159,0,86.169,0,59.772,
86.912,0,86.913,0,87.767,0,86.921,0,86.926,0,86.921,0,86.914,0,86.067,0,86.055,0,86.064,0,86.095,0,86.078,0,86.06,0,86.061,0,86.061,0,86.06,0,86.073,0,86.084,0,86.073,0,86.083,-56,86.088,-584,86.102,-904,86.096,-32,86.107,-3,86.11,188,86.095,-76,86.096,-1036,86.103,356,86.097,-111,86.107,-167,86.975,358,86.982,80,86.988,-792,86.991,628,86.991,-128,86.986,174,86.996,0,86.984,-80,86.983,-368,86.993,-928,86.994,-20,87.029,-1,87.024,183,87.836,0,87.836,0,87.842,0,87.041,0,87.048,0,60.652,
87.774,0,87.768,0,88.598,0,87.767,0,87.768,0,87.769,0,87.761,0,86.907,0,86.901,0,86.896,0,86.899,0,86.88,0,86.88,0,86.889,0,86.907,0,86.913,0,86.917,0,86.927,0,86.923,0,86.93,-8,86.943,-896,86.953,-636,86.957,-54,86.957,3,86.958,183,86.949,20,86.949,-920,86.96,452,86.954,-111,86.973,-178,87.793,358,87.793,60,87.8,-824,87.801,656,87.801,-129,87.808,172,87.81,12,87.817,-32,87.804,-368,87.811,-928,87.8,-22,87.816,-1,87.842,182,88.609,0,88.623,0,88.622,0,87.854,0,87.86,0,61.47,Start of pose 6
88.594,0,88.599,0,89.352,0,88.599,0,88.588,0,88.582,0,88.585,0,87.755,0,87.75,0,87.754,0,87.753,0,87.743,0,87.743,0,87.744,0,87.751,0,87.756,0,87.768,0,87.768,0,87.761,0,87.757,-44,87.768,-820,87.776,-588,87.778,-55,87.777,-5,87.777,188,87.767,-16,87.761,-984,87.761,404,87.773,-115,87.786,-178,88.586,0,88.58,60,88.595,-796,88.597,608,88.601,-128,88.598,174,88.604,4,88.604,-16,88.59,-384,88.596,-928,88.585,-22,88.592,0,88.605,183,89.321,0,89.34,0,89.339,0,88.622,0,88.617,0,62.233,
89.354,0,89.343,0,90.095,0,89.366,0,89.35,0,89.343,0,89.325,0,88.579,0,88.575,0,88.57,0,88.564,0,88.559,0,88.548,0,88.543,0,88.561,0,88.561,0,88.562,0,88.556,0,88.543,0,88.544,-88,88.554,-832,88.556,-624,88.55,-52,88.557,-3,88.557,188,88.552,-4,88.547,-976,88.555,420,88.555,-113,88.573,-178,89.306,0,89.289,60,89.291,-828,89.286,624,89.284,-129,89.282,175,89.289,10,89.29,-32,89.289,-384,89.284,-928,89.289,-22,89.305,0,89.323,184,90.205,0,90.199,0,90.228,0,89.341,0,89.352,0,62.951,
90.088,0,90.102,0,90.952,0,90.095,0,90.096,0,90.104,0,90.098,0,89.329,0,89.332,0,89.321,0,89.322,0,89.299,0,89.286,0,89.286,0,89.285,0,89.286,0,89.278,0,89.287,0,89.274,0,89.283,-52,89.289,-824,89.293,-668,89.293,-52,89.293,-4,89.289,188,89.278,-12,89.273,-944,89.267,432,89.272,-114,89.284,-179,90.144,356,90.139,68,90.157,-844,90.143,612,90.156,-127,90.144,176,90.157,357,90.152,-48,90.151,-368,90.153,-928,90.149,-20,90.167,0,90.185,184,90.992,0,90.999,0,91.004,0,90.212,0,90.204,0,63.813,
90.944,0,90.954,0,91.747,0,90.946,0,90.949,0,90.96,0,90.955,0,90.103,0,90.1,0,90.102,0,90.102,0,90.091,0,90.098,0,90.104,0,90.116,0,90.115,0,90.121,0,90.133,0,90.127,0,90.122,-52,90.127,-828,90.136,-652,90.131,-52,90.13,-6,90.138,190,90.127,-28,90.123,-928,90.132,472,90.124,-117,90.124,-176,90.941,354,90.94,28,90.952,-824,90.948,640,90.948,-128,90.949,175,90.962,3,90.963,-16,90.957,-352,90.957,-944,90.96,-21,90.972,0,90.985,184,91.8,0,91.801,0,91.816,0,91.006,0,91.011,0,64.613,
91.748,0,91.754,0,92.541,0,91.753,0,91.755,0,91.756,0,91.751,0,90.948,0,90.949,0,90.956,0,90.944,0,90.921,0,90.912,0,90.911,0,90.931,0,90.918,0,90.917,0,90.923,0,90.923,0,90.925,-52,90.931,-816,90.938,-652,90.926,-52,90.932,-6,90.935,190,90.931,-28,90.925,-952,90.926,464,90.925,-115,90.937,-175,91.784,350,91.778,24,91.785,-832,91.779,628,91.773,-127,91.773,179,91.78,359,91.795,-16,91.777,-368,91.775,-944,91.777,-20,91.789,-1,91.807,183,92.678,0,92.691,0,92.697,0,91.8,0,91.8,0,65.435,
92.554,0,92.548,0,93.444,0,92.535,0,92.537,0,92.549,0,92.539,0,91.744,0,91.744,0,91.751,0,91.752,0,91.746,0,91.746,0,91.753,0,91.767,0,91.772,0,91.777,0,91.782,0,91.768,0,91.767,-60,91.779,-820,91.78,-648,91.781,-51,91.781,-7,91.776,187,91.772,-28,91.766,-964,91.775,448,91.774,-116,91.78,-175,92.611,355,92.618,0,92.632,-844,92.631,616,92.626,-126,92.624,176,92.639,7,92.639,-32,92.638,-368,92.633,-944,92.64,-20,92.653,0,92.666,181,93.531,0,93.537,0,93.53,0,92.704,0,92.703,0,66.294,
93.439,0,93.439,0,94.284,0,93.444,0,93.447,0,93.453,0,93.448,0,92.538,0,92.538,0,92.529,0,92.534,0,92.528,0,92.529,0,92.537,0,92.552,0,92.558,0,92.568,0,92.569,0,92.558,0,92.567,-80,92.581,-804,92.593,-672,92.588,-49,92.593,-6,92.596,188,92.592,-36,92.592,-916,92.598,432,92.597,-115,92.603,-176,93.504,355,93.504,16,93.512,-828,93.506,616,93.501,-126,93.496,179,93.508,0,93.503,-48,93.502,-368,93.498,-944,93.499,-21,93.512,-2,93.53,181,94.366,0,94.373,0,94.383,0,93.537,0,93.542,0,67.158,
94.278,0,94.285,0,95.131,0,94.278,0,94.287,0,94.294,0,94.288,0,93.448,0,93.451,0,93.454,0,93.453,0,93.448,0,93.449,0,93.456,0,93.469,0,93.468,0,93.478,0,93.48,0,93.48,0,93.487,-76,93.488,-792,93.489,-668,93.489,-49,93.493,-6,93.495,188,93.488,-24,93.49,-980,93.491,444,93.49,-116,93.497,-177,94.315,354,94.329,44,94.327,-880,94.33,560,94.317,-122,94.324,176,94.329,14,94.33,-32,94.331,-336,94.331,-960,94.338,-19,94.352,-2,94.353,181,95.197,0,95.214,0,95.213,0,94.388,0,94.387,0,67.981,
95.117,0,95.131,0,95.967,0,95.133,0,95.128,0,95.134,0,95.134,0,94.275,0,94.27,0,94.272,0,94.266,0,94.27,0,94.264,0,94.266,0,94.28,0,94.285,0,94.29,0,94.299,0,94.292,0,94.287,-48,94.299,-772,94.301,-716,94.296,-46,94.308,-5,94.308,186,94.298,-28,94.299,-912,94.299,436,94.297,-113,94.308,176,95.226,2,95.212,164,95.212,-1052,95.218,432,95.213,-117,95.22,-163,95.215,41,95.211,-256,95.211,-224,95.2,-1024,95.195,-16,95.195,-12,95.195,187,96.115,0,96.122,0,96.128,0,95.214,0,95.225,0,68.823,
95.967,0,95.967,0,96.881,0,95.973,0,95.981,0,95.98,0,95.985,0,95.134,0,95.144,0,95.139,0,95.141,0,95.144,0,95.138,0,95.145,0,95.159,0,95.158,0,95.166,0,95.178,0,95.172,0,95.179,-236,95.191,-600,95.193,-732,95.199,-38,95.193,-17,95.193,201,95.188,-24,95.199,-972,95.192,304,95.2,-107,95.199,180,96.074,357,96.063,136,96.078,-764,96.071,368,96.07,-121,96.071,141,96.079,7,96.08,288,96.083,-160,96.077,-1008,96.088,-15,96.117,10,96.115,169,96.914,0,96.92,0,96.944,0,96.142,0,96.135,0,69.743,End of pose 6
96.872,0,96.877,0,97.685,0,96.878,0,96.882,0,96.889,0,96.878,0,95.98,0,95.983,0,96.001,0,95.988,0,95.982,0,95.982,0,95.992,0,96.008,0,96.007,0,96.01,0,96.01,0,96.005,0,96.014,124,96.035,-592,96.036,-788,96.031,-39,96.03,17,96.036,175,96.025,152,96.048,-828,96.041,104,96.03,-109,96.045,130,96.897,307,96.892,-52,96.904,-856,96.916,308,96.897,-113,96.9,-170,96.907,24,96.898,-64,96.904,-272,96.892,-1024,96.893,-5,96.91,-3,96.909,179,97.794,0,97.795,0,97.803,0,96.931,0,96.932,0,70.537,
97.673,0,97.67,0,98.52,0,97.675,0,97.685,0,97.692,0,97.672,0,96.883,0,96.889,0,96.878,0,96.88,0,96.857,0,96.843,0,96.833,0,96.849,0,96.864,0,96.871,0,96.871,0,96.858,0,96.866,44,96.878,-628,96.885,-796,96.885,-39,96.892,9,96.879,186,96.876,0,96.87,-968,96.882,236,96.881,-101,96.893,-166,97.77,286,97.768,76,97.768,-1112,97.77,420,97.769,-112,97.774,137,97.769,19,97.757,16,97.771,-16,97.753,-1024,97.773,-7,97.796,0,97.791,186,98.463,0,98.462,0,98.467,0,97.796,0,97.801,0,71.419,
98.523,0,98.532,0,99.212,0,98.519,0,98.508,0,98.517,0,98.514,0,97.679,0,97.673,0,97.674,0,97.676,0,97.671,0,97.667,0,97.676,0,97.688,0,97.693,0,97.697,0,97.704,0,97.697,0,97.712,180,97.726,-432,97.725,-884,97.738,-40,97.734,-21,97.736,176,97.733,12,97.732,-732,97.743,80,97.729,-85,97.75,68,98.455,326,98.443,-120,98.459,-912,98.441,436,98.45,-116,98.452,-164,98.445,358,98.434,64,98.437,-160,98.425,-928,98.426,-17,98.44,-19,98.469,181,99.275,0,99.292,0,99.286,0,98.479,0,98.468,0,72.097,
99.201,0,99.211,0,100.049,0,99.2,0,99.215,0,99.209,0,99.204,0,98.499,0,98.502,0,98.489,0,98.478,0,98.476,0,98.471,0,98.466,0,98.485,0,98.479,0,98.471,0,98.474,0,98.461,0,98.462,-92,98.467,-664,98.468,-892,98.456,-36,98.467,0,98.461,186,98.451,32,98.452,-1088,98.447,300,98.441,-104,98.462,-144,99.234,351,99.221,232,99.236,-728,99.236,644,99.238,-128,99.234,159,99.244,41,99.245,-96,99.247,-576,99.241,-944,99.237,-24,99.256,6,99.262,174,100.137,0,100.153,0,100.146,0,99.295,0,99.315,0,72.89,
100.054,0,100.047,0,100.88,0,100.037,0,100.033,0,100.048,0,100.046,0,99.205,0,99.221,0,99.211,0,99.203,0,99.192,0,99.186,0,99.2,0,99.206,0,99.211,0,99.211,0,99.219,0,99.202,0,99.205,-172,99.221,-588,99.222,-736,99.222,-36,99.228,-11,99.223,174,99.212,232,99.213,-948,99.213,292,99.218,-100,99.224,157,100.087,317,100.106,-24,100.106,-1396,100.112,412,100.1,-118,100.106,175,100.111,11,100.104,-176,100.106,-368,100.107,-1008,100.11,-18,100.116,-1,100.133,185,100.899,0,100.921,0,100.921,0,100.151,0,100.143,0,73.761,
100.879,0,100.873,0,101.653,0,100.877,0,100.879,0,100.874,0,100.871,0,100.032,0,100.037,0,100.041,0,100.047,0,100.045,0,100.037,0,100.046,0,100.059,0,100.051,0,100.064,0,100.064,0,100.058,0,100.066,-272,100.077,-692,100.09,-632,100.096,-43,100.088,-26,100.089,201,100.067,-232,100.076,-960,100.07,380,100.072,-113,100.088,-137,100.88,346,100.88,388,100.886,-1032,100.885,348,100.873,-114,100.874,131,100.876,27,100.876,32,100.876,-144,100.88,-992,100.872,-10,100.882,1,100.891,185,101.807,0,101.819,0,101.818,0,100.917,0,100.923,0,74.519,
101.659,0,101.659,0,102.549,0,101.659,0,101.661,0,101.668,0,101.662,0,100.857,0,100.865,0,100.869,0,100.868,0,100.85,0,100.836,0,100.843,0,100.858,0,100.864,0,100.866,0,100.86,0,100.847,0,100.86,172,100.854,-804,100.856,-680,100.862,-37,100.868,17,100.869,177,100.869,32,100.87,-1108,100.864,188,100.867,-102,100.882,173,101.746,261,101.747,252,101.759,-904,101.759,228,101.765,-108,101.761,132,101.769,50,101.768,96,101.763,80,101.769,-976,101.769,4,101.782,8,101.789,186,102.686,0,102.698,0,102.699,0,101.813,0,101.818,0,75.417,
102.55,0,102.556,0,103.457,0,102.55,0,102.546,0,102.553,0,102.543,0,101.682,0,101.673,0,101.668,0,101.668,0,101.658,0,101.658,0,101.671,0,101.683,0,101.689,0,101.693,0,101.699,0,101.7,0,101.707,-44,101.705,-588,101.717,-880,101.718,-35,101.723,0,101.728,187,101.718,-92,101.719,-876,101.725,88,101.725,-95,101.742,-94,102.621,231,102.62,236,102.633,-1156,102.633,104,102.638,-104,102.638,138,102.645,50,102.632,-80,102.634,-32,102.63,-896,102.637,10,102.651,-1,102.664,191,103.564,0,103.566,0,103.57,0,102.701,0,102.706,0,76.292,
103.449,0,103.456,0,104.286,0,103.451,0,103.452,0,103.458,0,103.451,0,102.536,0,102.543,0,102.542,0,102.553,0,102.536,0,102.539,0,102.551,0,102.563,0,102.562,0,102.568,0,102.573,0,102.567,0,102.582,12,102.592,-536,102.598,-904,102.6,-30,102.6,3,102.607,187,102.602,-92,102.602,-1088,102.609,-40,102.602,-81,102.612,-74,103.524,289,103.524,216,103.549,-1008,103.544,228,103.538,-107,103.539,142,103.54,47,103.538,96,103.534,32,103.533,-1008,103.534,0,103.55,2,103.558,185,104.285,0,104.298,0,104.305,0,103.574,0,103.562,0,77.186,Start of pose 7
104.293,0,104.298,0,105.037,0,104.276,0,104.281,0,104.276,0,104.265,0,103.456,0,103.451,0,103.452,0,103.452,0,103.455,0,103.459,0,103.457,0,103.462,0,103.473,0,103.472,0,103.478,0,103.467,0,103.474,-20,103.486,-560,103.494,-876,103.5,-31,103.5,-1,103.499,186,103.496,-108,103.497,-1028,103.505,28,103.503,-95,103.515,-120,104.237,297,104.233,200,104.245,-1000,104.251,272,104.25,-108,104.245,142,104.255,46,104.249,96,104.248,32,104.248,-1008,104.25,2,104.259,5,104.272,187,104.965,0,104.971,0,104.977,0,104.301,0,104.304,0,77.9,
105.036,0,105.042,0,105.714,0,105.037,0,105.033,0,105.036,0,105.031,0,104.265,0,104.248,0,104.243,0,104.242,0,104.223,0,104.226,0,104.248,0,104.251,0,104.257,0,104.248,0,104.243,0,104.229,0,104.226,12,104.243,-596,104.239,-872,104.234,-34,104.238,0,104.233,186,104.228,-60,104.224,-1040,104.23,84,104.228,-95,104.23,-130,104.997,279,104.991,212,104.998,-956,104.993,208,104.987,-106,104.981,131,104.979,61,104.974,96,104.973,128,104.961,-1008,104.965,4,104.966,6,104.971,185,105.74,0,105.746,0,105.75,0,104.978,0,104.985,0,78.599,
105.715,0,105.714,0,106.501,0,105.702,0,105.697,0,105.712,0,105.705,0,105.033,0,105.033,0,105.028,0,105.027,0,105.016,0,105.019,0,105.015,0,105.022,0,105.025,0,105.025,0,105.025,0,105.013,0,105.02,-8,105.031,-580,105.027,-876,105.024,-32,105.024,0,105.018,184,105.014,-76,105.003,-1024,105.003,36,105.001,-94,105.002,-114,105.737,254,105.738,220,105.743,-1016,105.744,160,105.737,-104,105.731,118,105.75,65,105.744,96,105.742,128,105.733,-992,105.727,8,105.74,5,105.739,184,106.557,0,106.56,0,106.571,0,105.747,0,105.752,0,79.367,
106.494,0,106.499,0,107.298,0,106.502,0,106.504,0,106.517,0,106.504,0,105.699,0,105.694,0,105.697,0,105.692,0,105.679,0,105.685,0,105.694,0,105.701,0,105.703,0,105.707,0,105.718,0,105.713,0,105.715,8,105.727,-584,105.729,-908,105.729,-32,105.724,0,105.722,185,105.721,-92,105.716,-1060,105.722,8,105.717,-95,105.723,-96,106.582,235,106.565,236,106.566,-1000,106.562,108,106.55,-103,106.54,97,106.542,65,106.546,96,106.544,240,106.538,-976,106.535,16,106.536,5,106.557,185,107.32,0,107.334,0,107.347,0,106.561,0,106.557,0,80.185,
107.295,0,107.304,0,108.088,0,107.292,0,107.287,0,107.291,0,107.274,0,106.499,0,106.498,0,106.501,0,106.5,0,106.496,0,106.496,0,106.504,0,106.519,0,106.519,0,106.529,0,106.541,0,106.535,0,106.537,4,106.547,-584,106.55,-984,106.55,-29,106.555,0,106.551,184,106.541,-84,106.535,-1120,106.542,-36,106.529,-84,106.544,-69,107.262,188,107.262,236,107.272,-968,107.27,-276,107.272,-70,107.285,39,107.28,151,107.275,128,107.286,608,107.289,-816,107.284,37,107.3,6,107.313,185,108.167,0,108.174,0,108.18,0,107.343,0,107.356,0,80.941,
108.083,0,108.084,0,108.913,0,108.089,0,108.086,0,108.087,0,108.087,0,107.267,0,107.268,0,107.263,0,107.258,0,107.254,0,107.247,0,107.26,0,107.262,0,107.275,0,107.274,0,107.281,0,107.28,0,107.27,-24,107.285,-248,107.281,-1048,107.283,-13,107.292,-1,107.285,185,107.274,-176,107.259,-1004,107.26,-224,107.246,-69,107.262,-30,108.12,178,108.123,212,108.128,-900,108.124,-548,108.119,-54,108.12,18,108.123,169,108.128,96,108.132,752,108.134,-560,108.129,42,108.135,12,108.153,187,109.013,0,109.029,0,109.029,0,108.182,0,108.186,0,81.781,
108.919,0,108.924,0,109.779,0,108.919,0,108.909,0,108.922,0,108.916,0,108.104,0,108.094,0,108.11,0,108.1,0,108.079,0,108.086,0,108.097,0,108.095,0,108.1,0,108.091,0,108.105,0,108.091,0,108.1,-64,108.113,32,108.12,-1080,108.114,2,108.127,-2,108.121,185,108.124,-156,108.11,-832,108.112,-624,108.117,-51,108.112,-14,108.955,172,108.961,196,108.968,-560,108.974,-848,108.968,-30,108.974,13,108.983,184,108.978,80,108.984,1024,108.985,-192,109.007,80,109.007,29,109.006,219,109.901,0,109.922,0,109.921,0,109.044,0,109.043,0,82.634,
109.778,0,109.778,0,110.668,0,109.78,0,109.782,0,109.795,0,109.784,0,108.91,0,108.91,0,108.92,0,108.912,0,108.904,0,108.904,0,108.905,0,108.919,0,108.911,0,108.916,0,108.919,0,108.908,0,108.925,-112,108.936,432,108.929,-944,108.923,26,108.937,-6,108.932,181,108.928,-228,108.928,-516,108.932,-848,108.94,-29,108.955,-14,109.842,128,109.848,148,109.87,132,109.859,-1036,109.861,9,109.853,9,109.867,195,109.871,32,109.868,960,109.867,304,109.864,105,109.871,171,109.884,352,110.753,0,110.771,0,110.777,0,109.927,0,109.929,0,83.512,
110.665,0,110.671,0,111.523,0,110.668,0,110.674,0,110.683,0,110.672,0,109.787,0,109.781,0,109.796,0,109.784,0,109.784,0,109.784,0,109.785,0,109.805,0,109.81,0,109.819,0,109.819,0,109.822,0,109.812,-224,109.818,508,109.832,-348,109.835,67,109.844,-27,109.842,164,109.832,-332,109.833,196,109.839,-896,109.838,11,109.839,-89,110.718,159,110.725,160,110.723,504,110.729,-888,110.743,39,110.725,9,110.732,193,110.737,128,110.726,896,110.738,528,110.731,122,110.739,168,110.744,328,111.604,0,111.611,0,111.61,0,110.787,0,110.786,0,84.372,
111.522,0,111.528,0,112.364,0,111.519,0,111.518,0,111.513,0,111.506,0,110.669,0,110.662,0,110.66,0,110.669,0,110.669,0,110.665,0,110.67,0,110.687,0,110.686,0,110.691,0,110.709,0,110.689,0,110.691,-108,110.703,1044,110.696,116,110.718,98,110.711,-157,110.709,45,110.701,-312,110.693,780,110.696,-628,110.704,46,110.71,-24,111.58,157,111.574,24,111.574,804,111.575,-632,111.575,53,111.569,2,111.592,180,111.58,112,111.582,880,111.579,528,111.579,121,111.594,168,111.6,328,112.417,0,112.419,0,112.413,0,111.616,0,111.628,0,85.228,
112.351,0,112.36,0,113.156,0,112.374,0,112.362,0,112.383,0,112.365,0,111.508,0,111.521,0,111.524,0,111.51,0,111.504,0,111.51,0,111.513,0,111.528,0,111.527,0,111.533,0,111.544,0,111.526,0,111.542,-60,111.556,1000,111.549,176,111.544,101,111.55,-157,111.555,27,111.549,-296,111.544,940,111.543,-460,111.544,60,111.564,-30,112.391,157,112.392,-84,112.412,868,112.401,-532,112.386,58,112.381,-13,112.389,168,112.386,128,112.381,912,112.39,544,112.374,120,112.398,166,112.4,325,113.221,0,113.238,0,113.245,0,112.409,0,112.421,0,86.028,
113.163,0,113.157,0,113.981,0,113.151,0,113.158,0,113.165,0,113.168,0,112.369,0,112.357,0,112.371,0,112.363,0,112.358,0,112.352,0,112.357,0,112.358,0,112.37,0,112.375,0,112.382,0,112.375,0,112.382,-52,112.388,1020,112.404,188,112.397,100,112.402,-162,112.39,20,112.386,-152,112.389,1012,112.382,-244,112.385,73,112.39,-28,113.205,157,113.21,-148,113.211,880,113.218,-520,113.204,59,113.204,-16,113.206,164,113.195,112,113.191,912,113.184,464,113.191,117,113.203,166,113.216,328,114.025,0,114.026,0,114.039,0,113.236,0,113.249,0,86.844,
113.976,0,113.982,0,114.765,0,113.979,0,113.975,0,113.974,0,113.956,0,113.172,0,113.164,0,113.169,0,113.166,0,113.16,0,113.161,0,113.163,0,113.176,0,113.182,0,113.185,0,113.192,0,113.172,0,113.185,-52,113.192,988,113.201,192,113.202,101,113.212,-167,113.2,13,113.19,-148,113.187,1044,113.193,-200,113.198,75,113.205,-29,113.988,141,113.99,-136,114.009,872,113.991,-488,113.997,60,113.992,-16,113.994,166,114.003,112,114.002,944,113.988,448,113.993,116,114.012,167,114.013,333,114.827,0,114.842,0,114.846,0,114.029,0,114.041,0,87.641,Start of pose 8
114.768,0,114.772,0,115.588,0,114.772,0,114.769,0,114.773,0,114.767,0,113.949,0,113.962,0,113.952,0,113.958,0,113.951,0,113.952,0,113.953,0,113.965,0,113.964,0,113.97,0,113.972,0,113.966,0,113.966,-68,113.971,1004,113.979,204,113.974,101,113.974,-161,113.974,22,113.967,-188,113.961,1064,113.964,-236,113.969,74,113.987,-45,114.81,161,114.803,-124,114.82,872,114.827,-520,114.809,58,114.805,-13,114.811,168,114.801,112,114.799,928,114.799,448,114.802,116,114.815,165,114.821,334,115.545,0,115.552,0,115.556,0,114.848,0,114.847,0,88.449,
115.584,0,115.584,0,116.272,0,115.581,0,115.582,0,115.584,0,115.566,0,114.766,0,114.767,0,114.771,0,114.769,0,114.763,0,114.757,0,114.772,0,114.78,0,114.785,0,114.785,0,114.785,0,114.779,0,114.783,-64,114.793,996,114.796,204,114.795,102,114.795,-166,114.795,19,114.796,-176,114.785,1020,114.793,-244,114.802,74,114.807,-31,115.553,155,115.559,-124,115.574,880,115.568,-516,115.562,59,115.556,-13,115.567,169,115.558,112,115.552,928,115.559,432,115.548,115,115.549,165,115.557,335,116.242,0,116.242,0,116.235,0,115.552,0,115.545,0,89.185,
116.297,0,116.286,0,116.975,0,116.273,0,116.272,0,116.273,0,116.268,0,115.566,0,115.568,0,115.568,0,115.567,0,115.555,0,115.555,0,115.558,0,115.565,0,115.575,0,115.581,0,115.577,0,115.562,0,115.57,-68,115.571,1000,115.565,216,115.561,102,115.578,-164,115.566,20,115.568,-164,115.551,1028,115.556,-236,115.56,75,115.56,-28,116.233,148,116.221,-100,116.228,880,116.228,-528,116.227,58,116.229,-8,116.231,171,116.231,112,116.219,928,116.213,448,116.216,116,116.218,165,116.23,335,117.029,0,117.041,0,117.046,0,116.235,0,116.245,0,89.858,
116.975,0,116.981,0,117.792,0,116.975,0,116.97,0,116.97,0,116.971,0,116.261,0,116.258,0,116.247,0,116.246,0,116.237,0,116.226,0,116.231,0,116.243,0,116.238,0,116.24,0,116.241,0,116.228,0,116.231,-60,116.241,1004,116.249,204,116.246,102,116.241,-160,116.24,22,116.224,-172,116.218,1052,116.219,-236,116.218,74,116.231,-34,116.961,152,116.961,-4,116.976,844,116.982,-588,116.982,55,116.977,0,116.985,180,116.988,112,116.987,928,116.988,432,116.989,115,116.997,164,117.01,331,117.877,0,117.889,0,117.894,0,117.053,0,117.059,0,90.638,
117.79,0,117.796,0,118.645,0,117.798,0,117.8,0,117.805,0,117.797,0,116.964,0,116.958,0,116.956,0,116.944,0,116.939,0,116.926,0,116.923,0,116.929,0,116.934,0,116.932,0,116.938,0,116.921,0,116.923,-48,116.933,1004,116.934,188,116.94,101,116.945,-160,116.946,17,116.936,-200,116.932,980,116.939,-288,116.942,70,116.953,-36,117.826,160,117.827,56,117.839,784,117.848,-684,117.847,48,117.841,5,117.848,185,117.843,112,117.843,928,117.844,448,117.845,116,117.857,165,117.87,333,118.68,0,118.692,0,118.686,0,117.891,0,117.897,0,91.498,
118.638,0,118.645,0,119.389,0,118.642,0,118.645,0,118.663,0,118.658,0,117.792,0,117.793,0,117.795,0,117.788,0,117.777,0,117.779,0,117.785,0,117.799,0,117.806,0,117.811,0,117.811,0,117.804,0,117.807,-56,117.815,1012,117.827,188,117.828,100,117.816,-158,117.81,20,117.799,-244,117.8,944,117.795,-412,117.799,62,117.818,-37,118.7,159,118.698,60,118.697,528,118.696,-952,118.683,29,118.674,4,118.687,183,118.676,112,118.666,944,118.659,400,118.659,113,118.654,166,118.666,333,119.307,0,119.32,0,119.327,0,118.673,0,118.684,0,92.294,
119.402,0,119.397,0,120.084,0,119.394,0,119.384,0,119.379,0,119.373,0,118.662,0,118.662,0,118.659,0,118.664,0,118.659,0,118.654,0,118.655,0,118.661,0,118.666,0,118.672,0,118.68,0,118.673,0,118.681,-104,118.688,1020,118.703,144,118.72,99,118.713,-146,118.707,41,118.726,-272,118.709,784,118.701,-636,118.703,47,118.703,-23,119.305,161,119.307,116,119.319,496,119.309,-920,119.305,26,119.304,7,119.304,188,119.304,96,119.291,944,119.291,416,119.288,113,119.301,167,119.308,335,120.183,0,120.187,0,120.197,0,119.328,0,119.34,0,92.936,
120.072,0,120.082,0,120.929,0,120.084,0,120.085,0,120.086,0,120.089,0,119.359,0,119.361,0,119.367,0,119.352,0,119.341,0,119.329,0,119.33,0,119.351,0,119.351,0,119.349,0,119.343,0,119.325,0,119.331,-92,119.337,988,119.334,124,119.328,100,119.333,-146,119.324,42,119.319,-260,119.308,756,119.306,-676,119.298,47,119.309,-21,120.126,165,120.132,192,120.138,444,120.133,-932,120.14,25,120.138,12,120.145,191,120.145,96,120.144,944,120.146,368,120.151,112,120.157,165,120.169,331,120.874,0,120.874,0,120.869,0,120.186,0,120.191,0,93.797,Start of pose 10
120.921,0,120.927,0,121.593,0,120.93,0,120.926,0,120.932,0,120.926,0,120.089,0,120.083,0,120.078,0,120.078,0,120.074,0,120.078,0,120.086,0,120.098,0,120.098,0,120.097,0,120.097,0,120.084,0,120.098,-84,120.109,1028,120.112,120,120.113,96,120.112,-140,120.106,46,120.108,-236,120.105,724,120.105,-708,120.104,44,120.111,-18,120.886,166,120.875,204,120.876,428,120.863,-908,120.862,24,120.868,12,120.875,192,120.869,96,120.864,944,120.869,368,120.861,111,120.856,165,120.867,334,121.508,0,121.542,0,121.536,0,120.867,0,120.866,0,94.495,
121.59,0,121.589,0,122.222,0,121.588,0,121.585,0,121.584,0,121.572,0,120.923,0,120.911,0,120.907,0,120.9,0,120.894,0,120.894,0,120.896,0,120.907,0,120.902,0,120.898,0,120.905,0,120.898,0,120.906,-100,120.912,1020,120.913,104,120.907,98,120.906,-136,120.9,50,120.897,-240,120.892,744,120.891,-696,120.884,44,120.891,-16,121.525,163,121.517,208,121.526,444,121.521,-920,121.508,24,121.504,12,121.518,191,121.506,96,121.493,960,121.493,384,121.494,112,121.508,165,121.509,340,122.147,0,122.154,0,122.161,0,121.52,0,121.516,0,95.137,
122.235,0,122.229,0,122.887,0,122.217,0,122.203,0,122.199,0,122.193,0,121.567,0,121.567,0,121.563,0,121.563,0,121.553,0,121.545,0,121.546,0,121.547,0,121.545,0,121.549,0,121.544,0,121.533,0,121.545,-84,121.552,1020,121.551,120,121.539,99,121.538,-140,121.532,39,121.522,-240,121.523,740,121.53,-696,121.52,45,121.524,-20,122.163,164,122.159,232,122.167,420,122.16,-920,122.152,23,122.147,14,122.154,193,122.155,96,122.143,960,122.132,384,122.127,112,122.139,165,122.139,337,122.818,0,122.831,0,122.819,0,122.158,0,122.163,0,95.767,